{
  "pose_preset": "open_arms",
  "pose_joint_values": {
    "arm_stretch_l": 1.45,
    "arm_stretch_r": 1.45,
    "forearm_stretch_l": -0.08,
    "forearm_stretch_r": -0.08,
    "hand_l": -0.04,
    "hand_r": 0.04,
    "neck_x": -0.04,
    "shoulder_l": 0.3,
    "shoulder_r": -0.3,
    "spine_01_x": 0.02,
    "spine_02_x": 0.06,
    "thumb1_l": -0.1,
    "thumb1_r": 0.1
  },
  "mirror_matrix": [
    [
      -1.0,
      1.2071822596050302e-08,
      -1.7754000072167186e-13
    ],
    [
      1.2071822596050302e-08,
      0.9999999999999999,
      1.0716156962073326e-21
    ],
    [
      -1.7754000072167186e-13,
      1.0716156962073326e-21,
      1.0
    ]
  ],
  "usd_pair_metrics": [
    {
      "left": "shoulder_l",
      "right": "shoulder_r",
      "mirror_position_error_m": 1.211704644116798e-07,
      "mirror_rotation_error_deg": 0.03561560297022501,
      "left_xyz": [
        0.01598656373173856,
        0.2226248052311065,
        -0.013886665932318703
      ],
      "mirrored_right_xyz": [
        0.015986644462426754,
        0.22262480499502382,
        -0.01388657557313713
      ]
    },
    {
      "left": "arm_stretch_l",
      "right": "arm_stretch_r",
      "mirror_position_error_m": 4.012505729728551e-07,
      "mirror_rotation_error_deg": 0.04292746538087881,
      "left_xyz": [
        0.061804293338322845,
        0.22373022635166084,
        -0.028016727592223383
      ],
      "mirrored_right_xyz": [
        0.061804441740527086,
        0.22373029747416134,
        -0.028016361640863213
      ]
    },
    {
      "left": "forearm_stretch_l",
      "right": "forearm_stretch_r",
      "mirror_position_error_m": 3.717443764102125e-05,
      "mirror_rotation_error_deg": 0.04774454246274782,
      "left_xyz": [
        0.1355575672802092,
        0.27241432916993125,
        -0.04770582292971016
      ],
      "mirrored_right_xyz": [
        0.13554511121501592,
        0.2724192112219438,
        -0.04774050651115691
      ]
    },
    {
      "left": "hand_l",
      "right": "hand_r",
      "mirror_position_error_m": 7.77962157182945e-05,
      "mirror_rotation_error_deg": 0.04775059574061352,
      "left_xyz": [
        0.21930276221386652,
        0.31096501009215494,
        -0.04662884915635802
      ],
      "mirrored_right_xyz": [
        0.2192894447857481,
        0.31097293920488267,
        -0.04670508580410534
      ]
    }
  ],
  "progressive_scan": [
    {
      "step": "rest",
      "joint_values": {},
      "pair_metrics": [
        {
          "left": "shoulder_l",
          "right": "shoulder_r",
          "mirror_position_error_m": 1.5912904455099533e-07,
          "mirror_rotation_error_deg": 0.05565329492896152,
          "left_xyz": [
            0.015986538612607775,
            0.22418132840609828,
            -0.02285386376026956
          ],
          "mirrored_right_xyz": [
            0.015986669600470495,
            0.22418132821269204,
            -0.02285377340433321
          ]
        },
        {
          "left": "arm_stretch_l",
          "right": "arm_stretch_r",
          "mirror_position_error_m": 3.9212083707251884e-07,
          "mirror_rotation_error_deg": 0.0635511007732195,
          "left_xyz": [
            0.06394635692334226,
            0.22418132833560922,
            -0.022854009771336784
          ],
          "mirrored_right_xyz": [
            0.06394646443418343,
            0.22418139582221822,
            -0.02285363876496554
          ]
        },
        {
          "left": "forearm_stretch_l",
          "right": "forearm_stretch_r",
          "mirror_position_error_m": 7.072793811812574e-07,
          "mirror_rotation_error_deg": 0.05636639101256646,
          "left_xyz": [
            0.1197986309101537,
            0.1531571172745723,
            -0.028635477192989065
          ],
          "mirrored_right_xyz": [
            0.11979879962617167,
            0.15315725029183117,
            -0.02863480333437098
          ]
        },
        {
          "left": "hand_l",
          "right": "hand_r",
          "mirror_position_error_m": 1.0003330418664646e-06,
          "mirror_rotation_error_deg": 0.06501266038945283,
          "left_xyz": [
            0.17565099244864396,
            0.0821328177357782,
            -0.010287888503116144
          ],
          "mirrored_right_xyz": [
            0.17565110369567796,
            0.08213296834670393,
            -0.010286905850257233
          ]
        }
      ]
    },
    {
      "step": "shoulder_only",
      "joint_values": {
        "shoulder_l": 0.3,
        "shoulder_r": -0.3
      },
      "pair_metrics": [
        {
          "left": "shoulder_l",
          "right": "shoulder_r",
          "mirror_position_error_m": 1.5912904455099533e-07,
          "mirror_rotation_error_deg": 0.02352050192314498,
          "left_xyz": [
            0.015986538612607775,
            0.22418132840609828,
            -0.02285386376026956
          ],
          "mirrored_right_xyz": [
            0.015986669600470495,
            0.22418132821269204,
            -0.02285377340433321
          ]
        },
        {
          "left": "arm_stretch_l",
          "right": "arm_stretch_r",
          "mirror_position_error_m": 4.177167458174487e-07,
          "mirror_rotation_error_deg": 0.03866256273697339,
          "left_xyz": [
            0.0618042681003524,
            0.2241540249139966,
            -0.037027073892401174
          ],
          "mirrored_right_xyz": [
            0.06180446698410043,
            0.22415409729943056,
            -0.037026713763419476
          ]
        },
        {
          "left": "forearm_stretch_l",
          "right": "forearm_stretch_r",
          "mirror_position_error_m": 7.36996029771821e-07,
          "mirror_rotation_error_deg": 0.025161376372543065,
          "left_xyz": [
            0.11341302244874521,
            0.1530985274572759,
            -0.059049657089970876
          ],
          "mirrored_right_xyz": [
            0.11341338543709387,
            0.1530986665548324,
            -0.05904903094743406
          ]
        },
        {
          "left": "hand_l",
          "right": "hand_r",
          "mirror_position_error_m": 1.0365944864477266e-06,
          "mirror_rotation_error_deg": 0.04101916006159809,
          "left_xyz": [
            0.17215247076468032,
            0.08204086542642715,
            -0.0580208937942016
          ],
          "mirrored_right_xyz": [
            0.1721528861187233,
            0.08204102488773873,
            -0.058019957535028914
          ]
        }
      ]
    },
    {
      "step": "shoulder_plus_upperarm",
      "joint_values": {
        "shoulder_l": 0.3,
        "shoulder_r": -0.3,
        "arm_stretch_l": 1.45,
        "arm_stretch_r": 1.45
      },
      "pair_metrics": [
        {
          "left": "shoulder_l",
          "right": "shoulder_r",
          "mirror_position_error_m": 1.5912904455099533e-07,
          "mirror_rotation_error_deg": 0.02352050192314498,
          "left_xyz": [
            0.015986538612607775,
            0.22418132840609828,
            -0.02285386376026956
          ],
          "mirrored_right_xyz": [
            0.015986669600470495,
            0.22418132821269204,
            -0.02285377340433321
          ]
        },
        {
          "left": "arm_stretch_l",
          "right": "arm_stretch_r",
          "mirror_position_error_m": 4.177167458174487e-07,
          "mirror_rotation_error_deg": 0.0335733499360305,
          "left_xyz": [
            0.0618042681003524,
            0.2241540249139966,
            -0.037027073892401174
          ],
          "mirrored_right_xyz": [
            0.06180446698410043,
            0.22415409729943056,
            -0.037026713763419476
          ]
        },
        {
          "left": "forearm_stretch_l",
          "right": "forearm_stretch_r",
          "mirror_position_error_m": 3.714583996362832e-05,