{
  "x": 0.004999999999999893,
  "y": -0.009999999999998899,
  "yaw": 0.0
}