{"head": [[0.995254397392273, 0.08760155737400055, -0.042358666658401496, -0.04685242101550102], [-0.07747161388397217, 0.9767715930938721, 0.19978821277618403, -0.02831256575882435], [0.058876510709524155, -0.19555854797363276, 0.9789230227470398, 0.995189368724823], [0.0, 0.0, 0.0, 1.0]], "left_arm": [[[0.0855063647031784, 0.4477594196796417, -0.8900561928749084, -0.12762798368930817], [0.9956322908401489, -0.004793131723999977, 0.09323760867118835, 0.20195314288139343], [0.03748185932636261, -0.8941412568092346, -0.44621360301971436, 0.6107887029647827], [0.0, 0.0, 0.0, 1.0]], [[0.7564705355725314, -0.546466876235443, -0.35934086459780046, -0.10628404129579305], [0.6488752638610582, 0.6959115709273291, 0.3076810765527619, 0.22088289621776613], [0.08193195045401058, -0.4659191986135225, 0.881025648083301, 0.6101930035262839], [0.0, 0.0, 0.0, 1.0]], [[0.3801085388258274, -0.8321295653117758, -0.4038279486396166, -0.06641735483907246], [0.9187914777990107, 0.2894299133974868, 0.26842453874375927, 0.2550965978337888], [-0.10648416496178292, -0.4730643604236815, 0.8745688237806606, 0.6145056491107228], [0.0, 0.0, 0.0, 1.0]], [[0.3669392952311803, -0.8380198049132309, -0.4038278244996344, -0.05460983756485305], [0.923241009585238, 0.2749054301760697, 0.26842444847249974, 0.28365295469891944], [-0.11393065162040905, -0.47132626000020883, 0.8745685531235237, 0.6111859592599423], [0.0, 0.0, 0.0, 1.0]], [[0.3669392952311803, -0.8380198049132309, -0.4038278244996344, -0.04417550872903431], [0.923241009585238, 0.2749054301760697, 0.26842444847249974, 0.3099176109278225], [-0.11393065162040905, -0.47132626000020883, 0.8745685531235237, 0.6079398756321059], [0.0, 0.0, 0.0, 1.0]], [[0.27445475852004, 0.3965597994997699, -0.8760222427439427, -0.11244365933605605], [0.9587621778028029, -0.042911514255303485, 0.28095158671539033, 0.22242996854050168], [0.07382264908121905, -0.9170055787110492, -0.39198376282426595, 0.6182767286240092], [0.0, 0.0, 0.0, 1.0]], [[0.2496396315203584, 0.389917086348331, -0.8863656664291423, -0.09365124089856092], [0.9678894138491487, -0.07260138168889507, 0.24066256229696883, 0.2881132440432929], [0.02948706800147516, -0.9179832721320893, -0.395520916874615, 0.6233037289565965], [0.0, 0.0, 0.0, 1.0]], [[0.3473872601953487, 0.30606739772217884, -0.8863654530415404, -0.08312525403277217], [0.9104462343101047, -0.3364046313016923, 0.2406624955055915, 0.3289305692835707], [-0.22451864317042958, -0.8905917371039314, -0.3955208221573787, 0.6245436377554363], [0.0, 0.0, 0.0, 1.0]], [[0.3670980667490369, 0.2821241854036409, -0.8863651866024552, -0.07485978698036372], [0.8858822027388691, -0.39660136380170663, 0.24066242315681957, 0.3505954447108798], [-0.28363721464745595, -0.873562726386715, -0.39552070084373914, 0.6192047315419059], [0.0, 0.0, 0.0, 1.0]], [[0.3670980667490369, 0.28212401553460875, -0.8863652059717307, -0.0669752721460889], [0.8858822027388691, -0.39660131606801985, 0.2406625074729673, 0.3696231200566904], [-0.28363721464745595, -0.8735628117079792, -0.3955205110112805, 0.6131178306247387], [0.0, 0.0, 0.0, 1.0]], [[0.09607032509126093, 0.40500252604833725, -0.9092539449375163, -0.12231893858377063], [0.9938447234950412, 0.011590820293135518, 0.11017085221488904, 0.2251122212545006], [0.05515849024238134, -0.9142417832384767, -0.40139623566814286, 0.6133076366992114], [0.0, 0.0, 0.0, 1.0]], [[0.010524715348299685, 0.519932486308854, -0.8541419340197764, -0.11602972664666744], [0.995298705112829, 0.07679494285132382, 0.059010557393993676, 0.29019359283691615], [0.09627534324507758, -0.850747831809657, -0.5166801131065004, 0.6168911100337365], [0.0, 0.0, 0.0, 1.0]], [[0.18814813542382325, 0.4794998022551016, -0.8571337856996897, -0.11553759889063518], [0.9423099806933106, -0.3341459293808702, 0.0199163137424071, 0.33637000068218176], [-0.2768581307177831, -0.8114337502355271, -0.5147068274197399, 0.6213549895293768], [0.0, 0.0, 0.0, 1.0]], [[0.20341610081755546, 0.4707490878730667, -0.8584958161443281, -0.11024356478805893], [0.9266187044972348, -0.3757562977543786, 0.013514587993180546, 0.3628740377678855], [-0.31622363726487634, -0.7982483792506327, -0.5126404002121514, 0.6135748942974161], [0.0, 0.0, 0.0, 1.0]], [[0.20341610081755546, 0.4707490878730667, -0.8584958161443281, -0.10574813894039246], [0.9266187044972348, -0.3757562977543786, 0.013514587993180546, 0.3833425956752816], [-0.31622363726487634, -0.7982483792506327, -0.5126404002121514, 0.606596562413573], [0.0, 0.0, 0.0, 1.0]], [[-0.026144021931837735, 0.45115753652318846, -0.8920611445581155, -0.13184905245345035], [0.9993488906934566, 0.03398631291081623, -0.01209987491071736, 0.22627254978993128], [0.024858917904703626, -0.8917968633527885, -0.4517524137356892, 0.6070412700593746], [0.0, 0.0, 0.0, 1.0]], [[-0.128074415827093, 0.4175531744739298, -0.8995808797220681, -0.13348426015578294], [0.9845596660743751, 0.16266328739922076, -0.06467050339658756, 0.2888886662944601], [0.11932543707372911, -0.8939740138664933, -0.4319391954629429, 0.6085729822898459], [0.0, 0.0, 0.0, 1.0]], [[0.1010156534757698, 0.42399345783259124, -0.9000135059293852, -0.13867404400764036], [0.9441380951634744, -0.326085479379578, -0.047649705787807084, 0.32882902789667284], [-0.3136846766070436, -0.8449241745869793, -0.43324835363931224, 0.6134110856442847], [0.0, 0.0, 0.0, 1.0]], [[0.1237392510596047, 0.41816085536903524, -0.8999046846300041, -0.1360375654667504], [0.926041506808039, -0.3745197271317169, -0.046695852531372345, 0.3534446199771044], [-0.3565587823691949, -0.8275716662125272, -0.43357747961518, 0.6052392243993491], [0.0, 0.0, 0.0, 1.0]], [[0.12373927467842805, 0.45273208003742393, -0.8830181221857849, -0.1333877383758797], [0.9260416266003128, -0.3724281274426956, -0.06117927924370131, 0.37325294426614997], [-0.3565588378450819, -0.8101418428835077, -0.46533306609663594, 0.5976198284841379], [0.0, 0.0, 0.0, 1.0]], [[-0.13559305701657742, 0.4676964620845379, -0.8734266379469773, -0.14300257351611356], [0.9906195966401184, 0.048930253384599, -0.1275856023280676, 0.2266509198610911], [-0.016934345066528023, -0.8825335858973526, -0.46994403318715317, 0.5999534086157217], [0.0, 0.0, 0.0, 1.0]], [[-0.23376377829505213, 0.43053373784292504, -0.8717765740758643, -0.15040383499917784], [0.9592335552906428, 0.24858214986530391, -0.13445084734687324, 0.28076593382340664], [0.158822565008915, -0.8676675305732271, -0.4710921339464049, 0.5990059957143421], [0.0, 0.0, 0.0, 1.0]], [[-0.00815962930999925, 0.48983473342444794, -0.8717763074518291, -0.1580545704311164], [0.9654539559231439, -0.2232043074272969, -0.13445080089989225, 0.31218441519902473], [-0.2604431161026186, -0.8427576323367005, -0.471091988178965, 0.6042042530544043], [0.0, 0.0, 0.0, 1.0]], [[-0.004325892484863925, 0.48988338646264196, -0.8717759865021666, -0.15820026607182724], [0.9636771722587492, -0.23075313894477878, -0.13445074517422856, 0.3297102411972388], [-0.26703052167570807, -0.8406932285916271, -0.4710918152565986, 0.5994799526555308], [0.0, 0.0, 0.0, 1.0]], [[-0.004325892484863925, 0.48988338646264196, -0.8717759865021666, -0.15828144323777854], [0.9636771722587492, -0.23075313894477878, -0.13445074517422856, 0.34850046736167634], [-0.26703052167570807, -0.8406932285916271, -0.4710918152565986, 0.5942789502357697], [0.0, 0.0, 0.0, 1.0]], [[-0.6320438643108224, 0.4359458576907919, 0.6406804482887407, -0.1276279862375964], [-0.7444546888359835, -0.11199532125534886, -0.6582128114563581, 0.20195311320923892], [-0.2151919428102591, -0.8929771234145999, 0.39532792336823475, 0.6107887018477363], [0.0, 0.0, 0.0, 1.0]], [[-0.6320438643108224, 0.4359458576907919, 0.6406804482887407, -0.27597469263076224], [-0.7444546888359835, -0.11199532125534886, -0.6582128114563581, 0.027399406963070583], [-0.2151919428102591, -0.8929771234145999, 0.39532792336823475, 0.560000339235212], [0.0, 0.0, 0.0, 1.0]]],